Relative Ranking,Team,O-Rate,D-Rate,Relative Rating,Opponent Adjust,Pace Adjust,Off Rank,Def Rank,True Tempo,Tempo Rank,Injury Rank,Home Rank,Roster Rank,Kill Shots Per Game,Kill Shots Conceded Per Game,Kill Shots Margin Per Game,Total Kill Shots,Total Kill Shots Conceded,D1 Wins,D1 Losses
1,Michigan,17.5,17.5,35.0,0.03,0.03,3,1,72.0,21,1,118,1,1.12,0.09,1.03,37,3,31,2
2,Duke,17.4,17.3,34.7,0.03,-0.05,4,2,67.1,273,2,291,2,1.06,0.24,0.82,36,8,32,2
3,Arizona,15.6,16.5,32.0,0.03,-0.05,10,4,71.4,28,3,28,6,1.00,0.06,0.94,34,2,32,2
4,Florida,16.0,15.8,31.8,0.03,0.03,8,6,71.6,24,4,245,4,0.94,0.15,0.79,31,5,26,7
5,Houston,14.6,17.1,31.7,-0.05,-0.05,13,3,64.9,356,5,45,5,1.12,0.32,0.79,38,11,28,6
6,Illinois,20.0,9.9,29.9,-0.05,-0.05,2,21,67.1,276,6,216,7,1.13,0.22,0.91,36,7,24,8
7,Iowa State,13.5,16.0,29.5,-0.05,0.03,18,5,68.3,198,7,48,10,1.24,0.47,0.76,42,16,27,7
8,Purdue,21.3,7.5,28.8,-0.05,0.03,1,32,65.6,338,8,288,3,0.88,0.44,0.44,30,15,26,8
9,Connecticut,15.2,12.9,28.1,0.03,-0.05,11,12,65.4,344,9,224,8,0.53,0.24,0.29,18,8,29,5
10,Gonzaga,12.3,14.5,26.8,-0.05,0.03,25,8,70.4,69,12,94,12,1.09,0.36,0.73,36,12,30,3
11,Michigan State,13.7,12.7,26.5,0.03,-0.05,16,13,67.2,264,10,74,16,0.66,0.19,0.47,21,6,25,7
12,St. John's,11.1,14.9,26.1,0.03,0.03,33,7,70.8,53,11,95,13,0.74,0.21,0.53,25,7,28,6
13,Vanderbilt,17.1,8.5,25.6,0.03,0.03,5,29,70.0,97,13,75,11,0.79,0.18,0.61,26,6,26,7
14,Virginia,12.7,11.6,24.4,0.03,0.03,24,15,66.9,283,14,100,23,0.94,0.21,0.74,32,7,29,5
15,Tennessee,11.2,12.4,23.5,-0.05,-0.05,32,14,66.2,309,15,38,21,0.64,0.18,0.45,21,6,22,11
16,Arkansas,17.0,6.2,23.2,-0.05,0.03,7,50,71.5,27,16,30,14,0.82,0.27,0.55,27,9,25,8
17,Alabama,17.0,5.7,22.8,-0.05,0.03,6,55,74.3,2,17,188,15,0.44,0.41,0.03,14,13,23,9
18,Louisville,12.9,9.6,22.5,-0.05,0.03,22,22,70.9,48,21,33,9,1.00,0.33,0.67,33,11,23,10
19,Nebraska,8.2,14.1,22.3,0.03,0.03,52,10,68.0,224,18,173,32,0.91,0.28,0.63,29,9,26,6
20,Wisconsin,15.8,6.5,22.3,0.03,-0.05,9,46,69.1,152,19,69,28,0.76,0.32,0.44,26,11,24,10
21,Kansas,8.8,13.4,22.2,-0.05,0.03,48,11,68.7,174,20,5,18,0.52,0.45,0.06,17,15,23,10
22,Ohio State,14.6,6.2,20.9,-0.05,-0.05,12,51,67.5,245,22,159,17,0.55,0.33,0.21,18,11,21,12
23,Saint Mary's,9.7,10.7,20.4,-0.05,-0.05,43,19,66.1,318,23,21,45,0.74,0.13,0.61,23,4,26,5
24,UCLA,13.1,7.2,20.3,-0.05,-0.05,20,37,66.0,323,24,18,22,0.56,0.47,0.09,19,16,23,11
25,Kentucky,10.7,9.5,20.2,-0.05,-0.05,35,23,69.8,105,25,26,20,0.62,0.38,0.24,21,13,21,13
26,Iowa,12.1,8.0,20.1,-0.05,-0.05,29,31,64.8,359,26,62,26,0.73,0.52,0.21,24,17,21,12
27,Cincinnati,4.8,14.2,19.0,0.03,0.03,81,9,68.3,195,27,35,31,0.82,0.45,0.36,27,15,18,15
28,Miami (Fla.),11.6,7.2,18.8,-0.05,0.03,31,38,68.8,167,28,287,24,0.73,0.24,0.48,24,8,25,8
29,Texas Tech,11.8,6.8,18.6,0.03,0.03,30,41,67.5,247,29,103,35,0.81,0.38,0.44,26,12,22,10
30,Georgia,13.2,5.1,18.3,-0.05,0.03,19,63,72.4,14,30,123,29,0.97,0.44,0.53,31,14,22,10
31,Clemson,7.0,10.9,17.9,-0.05,0.03,65,18,65.6,337,31,278,44,0.62,0.26,0.35,21,9,24,10
32,Saint Louis,10.2,7.5,17.8,0.03,0.03,37,33,72.1,17,32,6,48,1.19,0.28,0.91,38,9,27,5
33,Utah State,12.2,5.3,17.6,0.03,-0.05,28,62,68.5,182,33,77,40,0.64,0.21,0.42,21,7,27,6
34,Oklahoma,14.5,2.7,17.3,0.03,-0.05,14,110,67.5,248,34,58,33,0.56,0.35,0.21,19,12,19,15
35,Texas,13.7,3.2,16.9,-0.05,-0.05,17,95,67.9,225,35,244,34,0.39,0.29,0.10,12,9,17,14
36,Auburn,14.0,2.9,16.9,-0.05,0.03,15,101,68.5,187,36,52,27,0.48,0.45,0.03,16,15,17,16
37,Santa Clara,12.8,4.0,16.9,-0.05,0.03,23,79,70.1,93,38,230,57,0.67,0.36,0.30,22,12,25,8
38,SMU,12.3,4.5,16.8,-0.05,0.03,27,68,70.1,95,37,40,30,0.70,0.30,0.39,23,10,20,13
39,NC State,12.3,4.2,16.5,-0.05,-0.05,26,78,70.2,87,39,90,25,0.85,0.45,0.39,28,15,20,13
40,BYU,9.8,6.6,16.4,-0.05,-0.05,41,43,70.9,49,40,16,19,0.52,0.39,0.12,17,13,23,11
41,Texas A&M,9.8,6.5,16.4,-0.05,0.03,42,44,72.0,19,41,269,42,0.91,0.47,0.44,29,15,21,11
42,TCU,6.8,9.1,15.9,0.03,0.03,68,24,69.0,158,42,120,43,0.52,0.30,0.21,17,10,22,11
43,VCU,9.4,6.0,15.4,0.03,0.03,44,52,70.0,101,43,149,53,0.58,0.42,0.15,19,14,26,7
44,Indiana,10.8,4.5,15.3,-0.05,0.03,34,72,67.3,259,44,25,38,0.44,0.34,0.09,14,11,18,14
45,South Florida,8.3,6.9,15.2,-0.05,-0.05,50,40,72.5,12,45,225,46,0.74,0.35,0.39,23,11,23,8
46,Villanova,7.7,7.4,15.2,-0.05,-0.05,58,35,66.6,292,46,201,50,0.50,0.41,0.09,16,13,24,8
47,Baylor,13.1,2.0,15.1,-0.05,-0.05,21,125,68.9,165,48,84,37,0.58,0.39,0.19,18,12,15,16
48,North Carolina,8.2,6.5,14.7,-0.05,0.03,53,45,69.2,142,47,10,41,0.63,0.28,0.34,20,9,24,8
49,Missouri,10.1,4.4,14.4,-0.05,0.03,39,75,67.6,238,49,199,36,0.53,0.34,0.19,17,11,20,12
50,San Diego State,3.0,10.9,13.9,-0.05,-0.05,114,17,69.5,127,50,155,49,0.73,0.30,0.43,22,9,21,11
51,Washington,7.4,6.0,13.4,-0.05,0.03,59,53,68.1,209,51,223,39,0.64,0.30,0.33,21,10,16,17
52,Seton Hall,1.2,11.4,12.6,0.03,0.03,147,16,66.4,300,52,316,72,0.56,0.25,0.31,18,8,21,12
53,Virginia Tech,7.9,4.4,12.4,0.03,0.03,55,73,67.9,228,82,178,58,0.63,0.34,0.28,20,11,19,13
54,New Mexico,6.3,5.9,12.2,-0.05,-0.05,71,54,70.6,62,53,267,89,0.66,0.19,0.47,21,6,22,10
55,West Virginia,2.3,9.9,12.2,-0.05,0.03,127,20,64.4,362,54,22,54,0.72,0.44,0.28,23,14,18,14
56,Yale,10.3,1.9,12.2,0.03,0.03,36,130,66.3,306,55,198,78,0.56,0.15,0.41,15,4,22,5
57,Grand Canyon,3.4,8.6,12.0,0.03,0.03,103,28,69.0,159,56,261,81,0.65,0.39,0.26,20,12,20,12
58,Boise State,8.7,3.1,11.8,-0.05,-0.05,49,98,66.5,295,57,243,79,0.55,0.55,0.00,16,16,19,11
59,UCF,8.9,2.8,11.7,-0.05,0.03,46,106,70.4,68,58,122,69,0.53,0.66,-0.13,17,21,21,11
60,Ole Miss,5.3,6.3,11.6,0.03,0.03,78,47,67.5,249,59,351,55,0.26,0.29,-0.03,9,10,15,20
61,Northwestern,7.1,4.2,11.3,-0.05,0.03,62,77,66.1,322,60,141,60,0.50,0.44,0.06,17,15,15,19
62,Akron,8.3,3.0,11.3,-0.05,-0.05,51,100,71.4,30,61,248,73,0.78,0.22,0.56,25,7,27,5
63,Dayton,2.1,8.9,11.0,0.03,-0.05,128,25,68.6,177,62,37,70,0.39,0.55,-0.15,13,18,23,10
64,Florida State,8.0,2.8,10.8,0.03,-0.05,54,108,71.3,32,63,304,71,0.73,0.61,0.12,24,20,18,15
65,Belmont,10.0,0.8,10.8,0.03,-0.05,40,149,70.3,79,64,301,84,1.00,0.48,0.52,31,15,25,6
66,McNeese State,3.9,6.8,10.7,-0.05,0.03,93,42,67.7,237,65,73,61,0.84,0.29,0.55,26,9,26,5
67,Tulsa,8.8,1.8,10.6,-0.05,-0.05,47,133,69.4,135,72,273,82,0.90,0.26,0.65,28,8,24,7
68,Northern Iowa,1.7,8.8,10.6,0.03,0.03,134,26,64.2,363,66,318,95,0.47,0.26,0.21,16,9,22,12
69,Wake Forest,7.7,2.8,10.5,-0.05,0.03,57,109,69.2,150,67,180,62,0.42,0.42,0.00,14,14,17,16
70,Creighton,6.5,3.9,10.4,-0.05,0.03,70,83,68.5,186,68,338,51,0.53,0.53,0.00,17,17,15,17
71,George Washington,7.9,2.4,10.3,0.03,0.03,56,117,70.3,74,69,119,65,0.72,0.31,0.41,23,10,17,15
72,Providence,10.2,-0.0,10.2,0.03,-0.05,38,167,71.8,23,70,239,59,0.61,0.42,0.18,20,14,15,18
73,Stanford,6.3,3.8,10.1,0.03,0.03,72,86,68.1,215,71,152,76,0.38,0.47,-0.09,12,15,20,12
74,Marquette,2.6,7.5,10.1,0.03,-0.05,124,34,70.5,67,73,200,64,0.53,0.50,0.03,17,16,12,20
75,Hofstra,4.6,5.4,10.0,0.03,-0.05,84,59,66.0,325,74,166,125,0.44,0.31,0.13,14,10,22,10
76,Wichita State,3.4,6.3,9.8,0.03,0.03,101,49,68.3,200,75,72,102,0.71,0.29,0.42,22,9,21,10
77,LSU,7.3,1.9,9.1,-0.05,0.03,61,129,67.9,227,76,345,63,0.58,0.19,0.39,18,6,15,17
78,High Point,7.1,1.9,9.0,-0.05,-0.05,64,127,70.5,66,77,47,85,1.00,0.23,0.77,31,7,27,4
79,California,3.6,5.4,9.0,-0.05,0.03,98,61,69.2,144,78,299,83,0.71,0.61,0.10,22,19,20,11
80,Syracuse,5.2,3.4,8.6,-0.05,0.03,79,92,68.8,168,79,129,56,0.53,0.44,0.09,17,14,15,17
81,Colorado,7.1,1.4,8.5,-0.05,0.03,63,137,69.6,116,90,14,86,0.47,0.44,0.03,15,14,17,15
82,Nevada,3.4,5.0,8.4,0.03,-0.05,105,64,67.6,241,80,17,101,0.50,0.24,0.26,17,8,22,12
83,Minnesota,4.4,3.7,8.2,0.03,0.03,87,88,64.2,364,81,54,68,0.63,0.50,0.13,20,16,15,17
84,Miami (OH),6.9,1.2,8.0,0.03,0.03,67,140,71.0,46,83,235,94,0.66,0.28,0.38,19,8,28,1
85,Utah Valley,2.9,5.0,7.9,0.03,-0.05,116,65,69.8,109,84,29,106,0.63,0.07,0.57,19,2,22,8
86,Arizona State,4.0,3.9,7.9,0.03,0.03,92,85,70.3,80,85,81,74,0.55,0.42,0.12,18,14,17,16
87,Oklahoma State,7.3,0.3,7.6,0.03,0.03,60,160,72.9,9,86,82,66,0.58,0.48,0.09,19,16,19,14
88,Kansas State,4.3,3.2,7.5,-0.05,0.03,88,97,72.8,10,87,336,75,0.44,0.75,-0.31,14,24,12,20
89,Mississippi State,4.7,2.6,7.3,-0.05,-0.05,83,112,70.6,61,88,295,52,0.34,0.50,-0.16,11,16,13,19
90,Notre Dame,4.8,2.0,6.8,-0.05,-0.05,82,124,67.6,240,98,242,77,0.45,0.48,-0.03,14,15,13,18
91,Stephen F. Austin,3.2,3.6,6.7,0.03,-0.05,111,89,66.8,288,89,325,119,0.48,0.16,0.32,15,5,26,5
92,Butler,5.4,1.0,6.4,-0.05,0.03,77,142,69.7,113,91,266,93,0.50,0.41,0.09,16,13,16,16
93,George Mason,3.5,2.8,6.3,0.03,0.03,100,103,64.8,357,92,8,109,0.48,0.39,0.10,15,12,22,9
94,Illinois State,1.8,4.4,6.2,-0.05,0.03,132,74,68.0,216,93,1,99,0.55,0.39,0.16,17,12,19,12
95,Georgetown,3.7,2.4,6.2,0.03,-0.05,95,116,67.5,251,94,343,88,0.44,0.32,0.12,15,11,16,18
96,DePaul,-0.2,6.3,6.1,-0.05,-0.05,175,48,67.2,266,102,339,87,0.38,0.41,-0.03,12,13,16,16
97,Xavier,6.8,-0.7,6.1,-0.05,0.03,69,184,71.2,35,95,107,92,0.55,0.58,-0.03,18,19,15,18
98,Colorado State,5.9,0.1,6.0,-0.05,0.03,74,166,65.3,346,96,116,104,0.34,0.34,0.00,11,11,20,12
99,South Carolina,3.4,2.6,6.0,-0.05,0.03,104,113,67.2,262,97,274,96,0.34,0.50,-0.16,11,16,13,19
100,Oregon,1.4,4.5,5.9,-0.05,0.03,141,70,67.3,261,99,117,47,0.28,0.44,-0.16,9,14,12,20
101,UNC Wilmington,3.0,2.4,5.4,0.03,-0.05,113,118,66.3,302,100,289,113,0.53,0.43,0.10,16,13,24,6
102,Illinois-Chicago,0.8,4.5,5.3,0.03,0.03,154,69,67.9,226,101,268,126,0.56,0.31,0.25,18,10,17,15
103,Pittsburgh,2.9,2.1,5.1,-0.05,0.03,115,123,65.1,350,103,331,80,0.58,0.61,-0.03,19,20,13,20
104,St. Thomas (MN),4.9,0.1,5.0,-0.05,-0.05,80,164,69.4,130,104,208,120,0.73,0.23,0.50,22,7,21,9
105,UC Irvine,-3.5,8.5,4.9,-0.05,0.03,246,30,69.7,115,105,231,135,0.53,0.22,0.31,17,7,21,11
106,Maryland,2.6,2.3,4.9,-0.05,-0.05,123,120,67.8,232,117,124,90,0.36,0.79,-0.42,12,26,12,21
107,Saint Joseph's,-0.8,5.6,4.8,0.03,-0.05,189,57,68.9,161,106,215,105,0.45,0.45,0.00,14,14,20,11
108,USC,0.7,4.0,4.7,-0.05,-0.05,158,80,70.9,47,107,317,67,0.42,0.48,-0.06,13,15,17,14
109,Troy,2.7,1.9,4.5,0.03,0.03,120,128,66.9,284,114,113,132,0.52,0.32,0.19,16,10,20,11
110,Bradley,2.6,1.8,4.4,0.03,0.03,122,134,68.5,184,108,23,115,0.56,0.34,0.22,18,11,20,12
111,Sam Houston State,3.4,1.0,4.4,0.03,-0.05,107,143,71.0,45,109,88,127,0.40,0.33,0.07,12,10,19,11
112,Liberty,6.9,-2.6,4.3,-0.05,-0.05,66,235,65.6,336,110,309,97,0.66,0.52,0.14,19,15,22,7
113,Rutgers,1.7,2.4,4.1,-0.05,0.03,136,115,68.2,206,111,246,114,0.42,0.58,-0.15,14,19,14,19
114,North Dakota State,2.7,1.4,4.1,-0.05,0.03,118,138,67.5,252,112,187,147,0.68,0.35,0.32,21,11,24,7
115,UAB,1.5,2.6,4.1,0.03,-0.05,138,111,70.3,76,113,359,118,0.48,0.29,0.19,15,9,19,12
116,Davidson,0.5,3.4,3.9,-0.05,-0.05,162,93,65.2,348,115,353,141,0.48,0.55,-0.06,15,17,18,13
117,San Francisco,3.6,0.2,3.8,-0.05,0.03,99,162,67.5,243,118,364,91,0.38,0.38,0.00,12,12,16,16
118,California Baptist,-1.6,5.4,3.8,-0.05,0.03,198,60,67.3,258,116,97,205,0.47,0.25,0.22,15,8,25,8
119,UNLV,4.6,-0.9,3.7,0.03,-0.05,85,189,70.8,57,119,337,110,0.35,0.55,-0.19,11,17,16,16
120,Hawaii,-1.0,4.4,3.3,-0.05,-0.05,191,76,70.0,98,120,240,129,0.64,0.29,0.36,18,8,22,8
121,Southern Illinois,-4.0,7.3,3.3,0.03,-0.05,258,36,69.8,106,121,296,134,0.77,0.45,0.32,24,14,15,16
122,Seattle,-5.4,8.7,3.2,0.03,0.03,284,27,68.5,185,122,147,153,0.42,0.42,0.00,13,13,18,13
123,Wyoming,4.1,-0.9,3.2,0.03,0.03,91,188,67.1,270,123,43,122,0.39,0.55,-0.16,12,17,17,14
124,Florida Atlantic,0.3,2.8,3.1,0.03,0.03,165,105,70.8,54,124,13,131,0.52,0.42,0.10,16,13,16,15
125,Murray State,5.5,-2.4,3.1,-0.05,0.03,76,230,72.3,16,125,172,117,0.66,0.47,0.19,21,15,20,12
126,Duquesne,1.7,1.3,3.1,-0.05,-0.05,133,139,69.4,129,126,303,103,0.45,0.45,0.00,14,14,16,15
127,Memphis,-0.1,3.1,3.0,0.03,0.03,170,99,70.9,51,127,12,98,0.28,0.50,-0.22,9,16,13,19
128,Navy,-0.5,3.3,2.8,-0.05,-0.05,183,94,66.8,287,128,221,145,0.81,0.29,0.52,25,9,24,7
129,Pacific,0.8,1.8,2.7,-0.05,-0.05,153,131,65.9,327,129,218,116,0.48,0.29,0.19,15,9,16,15
130,Saint Bonaventure,3.7,-1.2,2.5,-0.05,-0.05,96,196,68.3,196,130,310,111,0.45,0.24,0.21,15,8,16,17
131,North Texas,-4.7,7.1,2.4,0.03,-0.05,277,39,66.3,304,131,237,133,0.48,0.42,0.06,15,13,17,14
132,Texas-Rio Grande Valley,1.2,1.1,2.4,0.03,0.03,144,141,68.1,210,132,357,174,0.42,0.61,-0.19,13,19,17,14
133,Winthrop,2.4,-0.0,2.3,0.03,0.03,126,169,71.6,25,133,286,160,0.65,0.52,0.13,20,16,20,11
134,UC San Diego,-2.2,4.5,2.2,0.03,0.03,217,71,68.5,183,134,332,173,0.44,0.34,0.09,14,11,21,11
135,Toledo,4.3,-2.2,2.1,0.03,-0.05,89,223,69.6,121,135,263,138,0.44,0.53,-0.09,14,17,17,15
136,UC Santa Barbara,3.2,-1.2,2.0,0.03,-0.05,108,197,66.0,324,145,57,108,0.43,0.37,0.07,13,11,16,14
137,Harvard,-1.9,3.9,2.0,0.03,-0.05,207,84,64.9,355,136,355,136,0.57,0.39,0.18,16,11,16,12
138,Towson,-2.0,3.9,1.9,-0.05,-0.05,211,82,65.2,347,137,86,139,0.59,0.44,0.16,19,14,17,15
139,East Tennessee State,1.0,0.7,1.7,-0.05,0.03,150,150,67.2,263,138,175,137,0.69,0.34,0.34,22,11,21,11
140,Montana State,2.1,-0.3,1.7,0.03,-0.05,129,176,66.9,282,139,70,177,0.59,0.34,0.24,17,10,15,14
141,Arkansas State,0.8,0.9,1.7,-0.05,0.03,155,144,73.0,8,140,154,150,0.73,0.40,0.33,22,12,18,12
142,Temple,2.7,-1.2,1.5,0.03,0.03,117,199,66.4,301,141,202,130,0.52,0.35,0.16,16,11,15,16
143,Northern Colorado,3.4,-1.9,1.5,0.03,0.03,106,214,69.6,118,142,292,163,0.41,0.34,0.07,12,10,17,12
144,Utah,3.4,-1.9,1.5,0.03,-0.05,102,216,68.0,223,143,229,100,0.25,0.53,-0.28,8,17,10,22
145,Rhode Island,-3.5,4.9,1.4,0.03,0.03,247,67,67.8,231,144,101,128,0.31,0.47,-0.16,10,15,16,16
146,Penn State,4.2,-2.8,1.4,-0.05,-0.05,90,243,68.5,178,146,71,123,0.59,0.69,-0.09,19,22,12,20
147,Boston College,-4.3,5.5,1.3,0.03,0.03,262,58,67.4,255,151,76,112,0.30,0.53,-0.23,9,16,11,20
148,Wright State,2.6,-1.4,1.3,-0.05,0.03,121,205,68.4,189,147,300,146,0.56,0.19,0.38,18,6,21,11
149,Richmond,2.7,-1.5,1.2,-0.05,0.03,119,208,68.2,205,156,212,121,0.68,0.29,0.39,21,9,14,17
150,Kennesaw State,1.9,-0.9,1.1,0.03,0.03,130,187,71.9,22,164,85,158,0.48,0.32,0.16,15,10,18,13
151,Kent State,1.8,-0.8,1.1,-0.05,0.03,131,186,71.1,38,148,308,124,0.42,0.61,-0.19,13,19,22,9
152,Furman,0.5,0.4,0.9,-0.05,0.03,161,155,67.2,267,149,293,156,0.42,0.23,0.19,13,7,19,12
153,Georgia Tech,-0.6,1.4,0.9,0.03,0.03,186,136,71.1,41,150,358,107,0.55,0.42,0.13,17,13,11,20
154,Portland State,-4.3,5.0,0.7,0.03,0.03,264,66,69.1,154,152,87,152,0.25,0.36,-0.11,7,10,17,11
155,Cornell,9.3,-8.6,0.7,-0.05,-0.05,45,340,72.0,20,153,365,161,0.54,0.54,0.00,14,14,13,13
156,Robert Morris,1.2,-0.7,0.5,0.03,-0.05,143,185,66.1,314,154,46,164,0.48,0.52,-0.03,15,16,20,11
157,Washington State,3.2,-2.7,0.5,-0.05,0.03,110,236,69.1,153,155,19,162,0.35,0.39,-0.03,11,12,11,20
158,Penn,-2.4,2.8,0.4,-0.05,0.03,221,104,70.2,88,157,326,197,0.41,0.41,0.00,11,11,16,11
159,College of Charleston,-0.4,0.8,0.4,-0.05,0.03,182,146,69.3,139,159,341,168,0.45,0.52,-0.06,14,16,20,11
160,Tennessee State,0.7,-0.3,0.3,0.03,-0.05,157,177,71.0,44,158,207,208,0.45,0.41,0.03,13,12,20,9
161,Bowling Green,-2.5,2.8,0.3,-0.05,-0.05,224,107,69.8,111,160,227,148,0.59,0.45,0.14,17,13,15,14
162,Fordham,-3.2,3.4,0.2,0.03,0.03,238,91,66.0,326,161,313,171,0.38,0.31,0.07,11,9,14,15
163,UMBC,0.2,-0.2,0.1,-0.05,0.03,166,172,67.8,233,162,335,245,0.53,0.33,0.20,16,10,22,8
164,Idaho,-0.2,0.2,0.0,-0.05,0.03,174,161,68.5,180,163,194,176,0.56,0.53,0.03,18,17,18,14
165,Siena,-0.4,0.4,0.0,0.03,-0.05,180,156,66.1,321,177,195,165,0.50,0.47,0.03,17,16,23,11
166,Western Kentucky,-0.4,0.4,-0.0,0.03,0.03,178,158,71.3,31,167,39,149,0.47,0.50,-0.03,14,15,16,14
167,William & Mary,1.7,-1.8,-0.1,0.03,-0.05,137,212,73.4,6,165,186,166,0.43,0.43,0.00,13,13,18,12
168,Mercer,2.4,-2.8,-0.3,0.03,-0.05,125,239,70.3,77,166,34,200,0.59,0.28,0.31,17,8,16,13
169,Loyola Marymount,-2.1,1.7,-0.4,-0.05,-0.05,213,135,68.2,201,183,238,140,0.45,0.42,0.03,14,13,14,17
170,Merrimack,-2.5,2.0,-0.5,-0.05,-0.05,223,126,64.8,358,168,170,212,0.41,0.41,0.00,14,14,23,11
171,Samford,1.7,-2.2,-0.5,0.03,-0.05,135,222,68.7,169,169,150,188,0.60,0.57,0.03,18,17,16,14
172,Appalachian State,-2.7,2.2,-0.5,0.03,-0.05,230,121,64.6,361,170,277,225,0.67,0.43,0.23,20,13,17,13
173,Monmouth,-2.4,1.8,-0.5,0.03,0.03,220,132,68.4,192,171,328,151,0.39,0.55,-0.15,13,18,18,15
174,Fresno State,-3.0,2.3,-0.7,-0.05,0.03,232,119,69.6,120,172,153,159,0.30,0.37,-0.07,9,11,12,19
175,Central Arkansas,-0.6,-0.2,-0.7,-0.05,0.03,185,171,69.5,128,173,49,224,0.72,0.66,0.06,23,21,20,12
176,Austin Peay,-0.1,-0.7,-0.8,0.03,-0.05,171,183,70.0,102,174,96,155,0.52,0.34,0.17,15,10,20,9
177,Charlotte,3.2,-4.0,-0.8,-0.05,-0.05,109,266,65.0,352,175,219,178,0.45,0.42,0.03,15,14,16,17
178,Oregon State,0.2,-1.0,-0.8,0.03,-0.05,167,193,66.4,298,176,158,143,0.36,0.55,-0.18,12,18,17,16
179,Middle Tennessee,-0.4,-0.4,-0.9,0.03,-0.05,181,180,67.2,265,178,252,192,0.34,0.41,-0.07,10,12,14,15
180,New Mexico State,-0.1,-0.9,-1.1,0.03,-0.05,172,190,67.4,256,179,177,157,0.38,0.55,-0.17,11,16,13,16
181,Howard,-4.9,3.8,-1.1,-0.05,-0.05,279,87,71.1,37,180,164,239,0.69,0.31,0.38,20,9,19,10
182,Louisiana Tech,-4.3,3.2,-1.1,-0.05,-0.05,265,96,65.5,342,181,255,187,0.42,0.26,0.16,13,8,17,14
183,Marshall,3.1,-4.5,-1.4,-0.05,-0.05,112,276,70.6,60,182,210,169,0.45,0.52,-0.06,14,16,18,13
184,Eastern Washington,3.7,-5.3,-1.6,-0.05,-0.05,97,289,68.5,181,184,125,196,0.34,0.31,0.03,11,10,13,19
185,Oakland,4.6,-6.2,-1.7,0.03,-0.05,86,303,70.2,84,185,323,154,0.32,0.35,-0.03,10,11,15,16
186,South Alabama,-1.1,-0.6,-1.7,0.03,0.03,194,181,65.9,328,186,249,193,0.57,0.40,0.17,17,12,19,11
187,Valparaiso,-1.9,0.2,-1.7,0.03,-0.05,208,163,66.8,290,187,127,235,0.38,0.38,0.00,12,12,17,15
188,Texas A&M-Corpus Christi,-4.6,2.8,-1.8,-0.05,-0.05,274,102,67.5,246,188,282,222,0.41,0.62,-0.21,12,18,14,15
189,Marist,-7.4,5.6,-1.8,-0.05,0.03,314,56,67.5,250,195,56,186,0.53,0.43,0.10,16,13,18,12
190,James Madison,0.6,-2.4,-1.9,0.03,0.03,159,229,67.4,254,189,197,183,0.47,0.47,0.00,15,15,17,15
191,Florida International,-1.7,-0.2,-1.9,0.03,-0.05,199,174,72.4,13,190,63,172,0.55,0.62,-0.07,16,18,12,17
192,Northern Kentucky,0.4,-2.3,-1.9,-0.05,-0.05,163,226,70.3,81,191,156,195,0.29,0.52,-0.23,9,16,17,14
193,Queens,5.9,-7.9,-2.0,-0.05,-0.05,73,331,70.2,91,192,133,167,0.48,0.48,0.00,16,16,20,13
194,UT Arlington,-6.0,4.0,-2.1,-0.05,-0.05,293,81,66.3,308,193,179,206,0.37,0.30,0.07,11,9,16,14
195,Western Carolina,0.9,-3.0,-2.1,-0.05,-0.05,152,249,69.4,134,194,24,204,0.45,0.52,-0.07,13,15,13,16
196,Massachusetts,0.1,-2.4,-2.3,0.03,0.03,168,228,71.0,43,196,157,144,0.41,0.25,0.16,13,8,16,16
197,Tulane,-1.3,-1.3,-2.5,-0.05,-0.05,195,200,68.4,191,197,334,142,0.41,0.44,-0.03,13,14,17,15
198,Campbell,1.0,-3.7,-2.7,-0.05,0.03,149,261,70.5,64,198,121,189,0.44,0.41,0.03,14,13,14,18
199,Quinnipiac,-3.1,0.4,-2.8,0.03,0.03,235,159,70.8,56,199,361,198,0.45,0.29,0.16,14,9,18,13
200,Missouri State,0.0,-2.8,-2.8,0.03,-0.05,169,242,66.4,299,200,257,180,0.52,0.52,0.00,16,16,13,18
201,Columbia,-1.0,-1.9,-2.9,-0.05,0.03,192,213,68.7,173,201,322,190,0.50,0.58,-0.08,13,15,14,12
202,South Dakota State,-0.4,-2.5,-2.9,-0.05,0.03,179,232,68.3,197,202,83,179,0.41,0.48,-0.07,12,14,11,18
203,Drake,0.5,-3.5,-3.0,-0.05,0.03,160,255,68.0,217,203,290,201,0.38,0.63,-0.25,12,20,12,20
204,UC Davis,-3.6,0.6,-3.0,0.03,-0.05,248,151,70.0,100,204,143,215,0.32,0.39,-0.06,10,12,17,14
205,Cal State Northridge,-1.4,-1.7,-3.1,0.03,-0.05,196,211,74.1,3,205,65,214,0.53,0.56,-0.03,17,18,18,14
206,Lipscomb,-2.2,-0.9,-3.1,0.03,0.03,216,191,70.3,78,206,61,210,0.63,0.70,-0.07,19,21,17,13
207,Jacksonville State,-3.6,0.4,-3.2,0.03,0.03,249,157,66.6,294,209,312,229,0.59,0.41,0.17,17,12,12,17
208,Long Island,-4.0,0.5,-3.5,0.03,-0.05,257,152,69.2,143,207,160,233,0.56,0.38,0.18,19,13,24,10
209,Cal State Fullerton,-2.3,-1.3,-3.6,-0.05,0.03,219,202,73.7,5,208,241,264,0.53,0.56,-0.03,17,18,16,16
210,Montana,-2.7,-0.9,-3.6,0.03,-0.05,229,192,70.3,75,210,148,209,0.47,0.30,0.17,14,9,15,15
211,Indiana State,-3.1,-0.7,-3.7,0.03,-0.05,234,182,69.7,112,211,262,216,0.50,0.60,-0.10,15,18,9,21
212,Southeast Missouri State,-4.6,0.8,-3.8,0.03,-0.05,273,147,69.6,122,212,260,241,0.43,0.50,-0.07,13,15,17,13
213,Drexel,-6.1,2.2,-3.9,-0.05,-0.05,295,122,65.6,339,213,234,238,0.47,0.47,0.00,15,15,16,16
214,Ohio,1.0,-5.0,-3.9,-0.05,-0.05,151,282,69.8,107,214,126,175,0.37,0.47,-0.10,11,14,13,17
215,Southern Mississippi,-3.7,-0.3,-4.0,0.03,-0.05,250,175,70.1,92,215,163,258,0.48,0.36,0.12,16,12,17,16
216,Vermont,-2.1,-1.9,-4.0,-0.05,-0.05,212,215,65.6,335,216,53,223,0.47,0.44,0.03,15,14,20,12
217,Youngstown State,-2.9,-1.2,-4.1,0.03,-0.05,231,195,68.6,176,217,181,181,0.55,0.31,0.24,16,9,12,17
218,UNC Asheville,-1.9,-2.4,-4.3,-0.05,0.03,210,227,66.1,319,218,276,202,0.21,0.41,-0.21,6,12,12,17
219,Saint Peter's,-4.3,-0.2,-4.5,0.03,0.03,263,173,66.2,313,219,59,254,0.57,0.57,0.00,16,16,16,12
220,Colgate,-0.6,-4.1,-4.7,0.03,0.03,187,269,68.2,207,220,206,218,0.61,0.32,0.29,19,10,16,15
221,Georgia Southern,1.2,-5.9,-4.7,0.03,0.03,145,299,71.2,34,221,162,231,0.43,0.54,-0.11,15,19,19,16
222,New Orleans,-2.1,-2.7,-4.8,0.03,0.03,214,237,71.1,40,222,348,230,0.33,0.39,-0.06,11,13,15,18
223,Old Dominion,-1.7,-3.1,-4.8,0.03,-0.05,200,250,69.9,103,223,184,194,0.47,0.44,0.03,15,14,11,21
224,Radford,-1.5,-3.4,-4.8,0.03,-0.05,197,252,71.4,29,224,258,191,0.62,0.45,0.17,18,13,13,16
225,Tennessee-Martin,-8.3,3.4,-4.8,-0.05,0.03,330,90,66.3,305,225,350,290,0.40,0.40,0.00,12,12,19,11
226,Buffalo,1.5,-6.4,-4.9,0.03,-0.05,139,310,68.0,221,226,362,228,0.50,0.37,0.13,15,11,15,15
227,Weber State,0.7,-5.6,-4.9,0.03,-0.05,156,295,69.5,126,227,89,255,0.40,0.53,-0.13,12,16,14,16
228,SIU Edwardsville,-7.5,2.5,-5.0,0.03,-0.05,318,114,66.1,317,228,110,257,0.48,0.38,0.10,14,11,16,13
229,Texas State,-3.9,-1.1,-5.0,0.03,0.03,255,194,67.7,235,229,15,237,0.23,0.40,-0.17,7,12,17,13
230,Wofford,1.1,-6.2,-5.1,0.03,0.03,148,304,69.0,156,230,349,217,0.57,0.40,0.17,17,12,17,13
231,Longwood,-3.8,-1.5,-5.3,0.03,0.03,252,206,69.8,108,231,111,252,0.34,0.31,0.03,10,9,13,16
232,Cal Poly,-0.3,-5.1,-5.4,-0.05,0.03,177,286,74.9,1,232,144,285,0.32,0.61,-0.29,10,19,12,19
233,Charleston Southern,-3.5,-2.0,-5.5,0.03,-0.05,244,217,72.6,11,233,205,282,0.62,0.55,0.07,18,16,12,17
234,Detroit,-1.9,-3.6,-5.5,-0.05,-0.05,209,257,69.7,114,234,134,226,0.60,0.40,0.20,18,12,15,15
235,Rice,-1.8,-3.8,-5.5,0.03,-0.05,202,263,67.5,244,235,281,184,0.17,0.66,-0.48,5,19,11,18
236,Iona,-4.4,-1.3,-5.7,0.03,0.03,269,203,70.0,96,236,64,242,0.81,0.47,0.34,26,15,18,14
237,Bethune-Cookman,-4.1,-1.7,-5.7,-0.05,-0.05,260,209,70.0,99,237,78,219,0.45,0.39,0.06,14,12,16,15
238,Florida Gulf Coast,-3.2,-2.6,-5.8,0.03,-0.05,236,234,68.6,175,238,139,182,0.41,0.50,-0.09,13,16,14,18
239,Boston University,1.4,-7.2,-5.8,0.03,-0.05,142,321,64.7,360,239,137,269,0.45,0.58,-0.12,15,19,16,17
240,Lamar,-5.6,-0.4,-5.9,0.03,-0.05,288,178,67.1,272,240,108,213,0.41,0.48,-0.07,12,14,10,19
241,Utah Tech,-1.0,-5.0,-6.0,0.03,0.03,190,283,67.9,229,241,151,250,0.52,0.45,0.06,16,14,16,15
242,East Carolina,-3.9,-2.1,-6.1,-0.05,-0.05,254,220,69.4,132,242,259,203,0.23,0.43,-0.20,7,13,10,20
243,American,-2.5,-3.6,-6.1,-0.05,-0.05,225,256,67.6,239,243,183,275,0.50,0.27,0.23,15,8,14,16
244,Princeton,-3.3,-2.8,-6.1,0.03,-0.05,241,241,65.7,333,244,41,251,0.46,0.61,-0.14,13,17,8,20
245,Green Bay,1.2,-7.3,-6.1,-0.05,-0.05,146,322,65.0,351,245,204,253,0.35,0.19,0.16,11,6,16,15
246,Fairfield,-3.2,-3.0,-6.2,0.03,0.03,237,248,68.4,194,246,327,266,0.52,0.55,-0.03,17,18,20,13
247,Stony Brook,-3.4,-2.9,-6.2,0.03,0.03,242,245,67.1,268,247,128,249,0.60,0.43,0.17,18,13,15,15
248,Tarleton State,-6.2,-0.2,-6.3,0.03,0.03,296,170,70.2,85,248,283,243,0.54,0.46,0.07,15,13,10,18
249,Coastal Carolina,-6.4,-0.0,-6.4,0.03,0.03,298,168,68.2,202,249,232,283,0.35,0.45,-0.10,11,14,18,13
250,Omaha,-2.1,-4.4,-6.6,0.03,-0.05,215,274,68.2,203,250,98,240,0.31,0.52,-0.21,9,15,12,17
251,Nicholls State,-3.9,-2.8,-6.7,-0.05,-0.05,256,240,69.2,140,251,347,256,0.50,0.63,-0.13,16,20,13,19
252,Mount St. Mary's,-7.5,0.8,-6.7,-0.05,-0.05,319,148,68.9,160,252,329,277,0.45,0.65,-0.19,14,20,14,17
253,Presbyterian,-4.4,-2.5,-6.9,-0.05,-0.05,266,231,65.7,334,253,196,280,0.33,0.43,-0.10,10,13,12,18
254,Fort Wayne,-2.6,-4.4,-7.0,0.03,0.03,226,273,68.9,162,254,247,227,0.38,0.69,-0.31,11,20,14,15
255,Lindenwood,-7.8,0.8,-7.0,-0.05,0.03,323,145,73.1,7,255,342,284,0.60,0.47,0.13,18,14,15,15
256,San Diego,-1.9,-5.2,-7.1,0.03,0.03,206,288,69.2,141,265,42,185,0.35,0.87,-0.52,11,27,10,21
257,Hampton,-5.4,-1.7,-7.1,-0.05,0.03,282,210,67.0,278,256,11,244,0.27,0.53,-0.27,8,16,11,19
258,San Jose State,1.4,-8.5,-7.1,0.03,0.03,140,338,66.3,307,259,214,221,0.28,0.50,-0.22,9,16,8,24
259,Chattanooga,-0.5,-6.7,-7.2,0.03,0.03,184,313,68.1,211,257,346,246,0.45,0.55,-0.10,13,16,10,19
260,Incarnate Word,-0.2,-7.0,-7.2,0.03,0.03,173,316,66.6,293,258,217,199,0.29,0.25,0.04,8,7,9,19
261,Denver,3.8,-11.4,-7.6,0.03,-0.05,94,357,69.0,157,260,185,289,0.28,0.38,-0.10,8,11,12,17
262,Ball State,-7.3,-0.4,-7.7,-0.05,0.03,311,179,65.4,343,261,220,263,0.17,0.45,-0.28,5,13,10,19
263,Sacred Heart,-0.3,-7.4,-7.7,-0.05,0.03,176,327,69.6,123,262,176,236,0.50,0.50,0.00,16,16,13,19
264,Central Michigan,-2.6,-5.3,-7.9,-0.05,0.03,228,290,68.2,204,263,3,302,0.41,0.59,-0.17,12,17,8,21
265,Southern,-3.3,-4.6,-7.9,0.03,0.03,240,278,70.4,70,264,306,281,0.55,0.55,0.00,17,17,14,17
266,Dartmouth,-4.4,-3.6,-8.0,0.03,-0.05,267,259,70.8,55,266,356,259,0.36,0.60,-0.24,9,15,9,16
267,La Salle,-5.8,-2.3,-8.1,-0.05,-0.05,292,225,67.7,236,269,55,220,0.42,0.61,-0.19,13,19,8,23
268,Elon,-1.9,-6.3,-8.1,0.03,-0.05,203,306,68.1,213,267,363,232,0.30,0.57,-0.27,9,17,12,18
269,Milwaukee,-1.9,-6.3,-8.1,0.03,-0.05,205,305,68.7,170,268,99,234,0.35,0.48,-0.13,11,15,11,20
270,Long Beach State,-5.5,-2.7,-8.2,0.03,0.03,285,238,69.5,125,270,251,270,0.17,0.55,-0.38,5,16,8,22
271,Eastern Michigan,-7.0,-1.3,-8.3,0.03,-0.05,305,204,67.7,234,285,105,248,0.47,0.47,0.00,14,14,9,21
272,Morehead State,-2.6,-5.9,-8.5,-0.05,-0.05,227,298,67.0,281,271,236,299,0.17,0.67,-0.50,5,20,17,13
273,Loyola Chicago,-4.9,-3.7,-8.6,0.03,-0.05,280,260,66.7,291,272,228,170,0.24,0.73,-0.48,8,24,9,24
274,Lehigh,-5.4,-3.2,-8.6,0.03,-0.05,283,251,68.1,214,273,68,300,0.38,0.47,-0.09,12,15,16,16
275,Arkansas-Little Rock,-4.6,-4.0,-8.7,-0.05,-0.05,275,268,67.9,230,274,135,207,0.33,0.60,-0.27,10,18,10,20
276,UTEP,-7.4,-1.3,-8.7,0.03,0.03,316,201,67.0,279,276,93,262,0.43,0.57,-0.14,12,16,8,20
277,Brown,-9.2,0.5,-8.7,-0.05,-0.05,340,154,68.0,218,275,321,260,0.28,0.56,-0.28,7,14,7,18
278,UNC Greensboro,-0.6,-8.4,-9.0,-0.05,0.03,188,337,68.7,171,277,167,268,0.56,0.72,-0.16,18,23,13,19
279,Abilene Christian,-9.2,0.1,-9.0,0.03,-0.05,339,165,69.2,148,278,140,247,0.23,0.53,-0.30,7,16,11,19
280,Bellarmine,5.9,-15.0,-9.1,0.03,0.03,75,365,66.4,297,279,32,265,0.47,0.53,-0.07,14,16,11,19
281,Mercyhurst,-6.4,-2.8,-9.2,0.03,0.03,297,244,65.8,330,280,114,315,0.44,0.50,-0.06,14,16,15,17
282,UC Riverside,-6.7,-2.6,-9.2,-0.05,0.03,303,233,70.2,89,281,115,310,0.23,0.57,-0.33,7,17,8,22
283,Western Michigan,-2.3,-7.0,-9.3,0.03,0.03,218,317,68.9,163,282,104,273,0.28,0.79,-0.52,8,23,9,20
284,South Dakota,-3.0,-6.4,-9.4,0.03,0.03,233,309,71.1,42,283,20,288,0.38,0.48,-0.10,11,14,13,16
285,Southern Utah,-3.5,-6.0,-9.5,-0.05,-0.05,245,300,71.2,36,284,50,293,0.24,0.83,-0.59,7,24,7,22
286,Sacramento State,-4.5,-5.1,-9.6,0.03,0.03,271,285,72.4,15,300,9,274,0.36,0.50,-0.14,10,14,7,21
287,Eastern Kentucky,0.3,-9.9,-9.6,0.03,-0.05,164,351,68.5,179,286,192,211,0.37,0.67,-0.30,11,20,9,21
288,Jacksonville,-4.6,-5.1,-9.6,-0.05,-0.05,272,284,65.1,349,287,250,287,0.27,0.70,-0.43,8,21,10,20
289,Grambling,-10.4,0.5,-9.9,-0.05,-0.05,343,153,68.5,188,288,298,314,0.48,0.48,0.00,15,15,12,19
290,North Dakota,-3.4,-6.5,-9.9,0.03,-0.05,243,311,69.2,147,289,256,291,0.28,0.41,-0.13,9,13,15,17
291,Idaho State,-1.0,-8.8,-9.9,0.03,0.03,193,344,66.1,320,290,79,267,0.23,0.40,-0.17,7,12,10,20
292,Northeastern,-1.9,-8.1,-10.0,0.03,0.03,204,333,70.6,63,291,320,261,0.35,0.52,-0.16,11,16,7,24
293,West Georgia,-5.6,-4.4,-10.0,0.03,0.03,290,271,70.2,86,293,191,272,0.40,0.67,-0.27,12,20,13,17
294,Texas Southern,-6.1,-4.0,-10.0,-0.05,-0.05,294,265,70.1,94,292,31,303,0.43,0.61,-0.18,12,17,10,18
295,Prairie View,-7.2,-2.9,-10.2,0.03,-0.05,309,247,72.1,18,294,297,327,0.35,0.52,-0.16,11,16,14,17
296,Le Moyne,-6.4,-3.9,-10.3,-0.05,-0.05,300,264,70.4,73,295,275,324,0.39,0.52,-0.13,12,16,14,17
297,Pepperdine,-4.7,-5.8,-10.5,0.03,0.03,276,297,69.3,137,302,319,278,0.30,0.60,-0.30,9,18,7,23
298,Southeastern Louisiana,-8.5,-2.1,-10.6,0.03,0.03,333,219,67.1,274,296,130,294,0.23,0.63,-0.40,7,19,8,22
299,Houston Christian,-6.7,-4.0,-10.7,0.03,0.03,302,267,65.9,329,297,161,271,0.27,0.87,-0.60,8,26,10,20
300,Norfolk State,-4.4,-6.2,-10.7,-0.05,-0.05,270,302,68.8,166,298,109,311,0.32,0.50,-0.18,9,14,11,17
301,Northwestern State,-7.0,-3.6,-10.7,0.03,0.03,307,258,66.1,315,299,142,306,0.40,0.77,-0.37,12,23,8,22
302,North Carolina A&T,-3.8,-7.0,-10.8,0.03,0.03,253,315,69.6,119,303,265,313,0.32,0.46,-0.14,9,13,9,19
303,Central Connecticut,-4.2,-6.6,-10.8,0.03,0.03,261,312,66.1,316,301,324,321,0.39,0.54,-0.14,11,15,16,12
304,Portland,-7.7,-3.5,-11.1,0.03,0.03,320,254,69.6,124,305,2,296,0.44,0.56,-0.13,14,18,13,19
305,Louisiana-Lafayette,-7.7,-3.4,-11.2,-0.05,-0.05,321,253,65.0,354,304,106,298,0.21,0.64,-0.42,7,21,11,22
306,Alabama A&M,-5.2,-6.1,-11.3,-0.05,-0.05,281,301,67.3,260,306,92,316,0.33,0.33,0.00,10,10,15,15
307,Loyola Maryland,-4.0,-7.3,-11.4,-0.05,0.03,259,324,69.3,136,307,302,292,0.30,0.57,-0.27,9,17,10,20
308,South Carolina Upstate,-9.3,-2.2,-11.5,0.03,0.03,341,221,69.4,131,308,294,320,0.24,0.59,-0.34,7,17,10,19
309,UMass Lowell,-4.7,-7.0,-11.7,-0.05,-0.05,278,318,70.2,90,309,131,329,0.50,0.40,0.10,15,12,12,18
310,Albany,-4.4,-7.4,-11.8,-0.05,-0.05,268,325,66.8,286,310,132,307,0.34,0.55,-0.21,10,16,8,21
311,Tennessee Tech,-5.6,-6.3,-11.9,-0.05,-0.05,289,308,68.4,190,311,145,326,0.36,0.64,-0.29,10,18,10,18
312,Wagner,-7.3,-4.6,-11.9,0.03,0.03,310,279,66.4,296,312,314,328,0.26,0.48,-0.22,7,13,11,17
313,Stetson,-3.2,-8.8,-12.0,-0.05,0.03,239,343,68.1,212,313,27,312,0.32,0.65,-0.32,10,20,10,21
314,Florida A&M,-10.6,-1.5,-12.1,-0.05,-0.05,346,207,69.8,110,314,112,338,0.31,0.62,-0.31,9,18,13,16
315,Oral Roberts,-7.3,-5.4,-12.7,-0.05,0.03,312,292,69.3,138,315,264,305,0.30,0.60,-0.30,9,18,7,23
316,East Texas A&M,-8.1,-4.7,-12.8,-0.05,-0.05,326,280,69.0,155,316,280,308,0.31,0.45,-0.14,9,13,9,21
317,Lafayette,-7.4,-5.3,-12.8,-0.05,-0.05,317,291,68.0,219,317,354,317,0.37,0.67,-0.30,11,20,10,21
318,Georgia State,-8.8,-4.1,-12.9,0.03,-0.05,334,270,69.2,151,319,226,279,0.47,0.80,-0.33,14,24,8,22
319,Evansville,-7.4,-5.5,-12.9,-0.05,0.03,313,293,68.0,220,320,171,276,0.20,1.10,-0.90,6,33,5,25
320,Alabama State,-8.8,-4.4,-13.2,-0.05,0.03,335,272,70.3,82,318,102,322,0.26,0.65,-0.39,8,20,9,22
321,Manhattan,-3.7,-9.7,-13.4,-0.05,-0.05,251,349,69.2,149,321,138,297,0.23,0.42,-0.19,7,13,11,20
322,Bucknell,-8.0,-5.7,-13.7,-0.05,-0.05,325,296,68.0,222,322,284,330,0.30,0.79,-0.48,10,26,10,23
323,Arkansas-Pine Bluff,-5.8,-8.3,-14.0,-0.05,-0.05,291,334,70.7,58,333,285,325,0.27,0.57,-0.30,8,17,11,19
324,Eastern Illinois,-11.2,-2.9,-14.1,0.03,0.03,350,246,67.1,271,323,193,337,0.37,0.80,-0.43,11,24,10,20
325,Stonehill,-12.9,-1.2,-14.1,0.03,0.03,356,198,67.1,275,324,203,333,0.23,0.67,-0.43,7,20,10,21
326,NJIT,-10.5,-3.7,-14.2,-0.05,0.03,344,262,69.2,145,325,333,339,0.34,0.84,-0.50,11,27,15,17
327,Holy Cross,-7.1,-7.2,-14.2,0.03,0.03,308,320,67.1,269,326,254,332,0.23,0.61,-0.39,7,19,9,22
328,Delaware,-7.4,-7.2,-14.6,0.03,0.03,315,319,65.4,345,335,360,286,0.30,0.77,-0.47,9,23,10,20
329,New Haven,-12.5,-2.2,-14.7,-0.05,0.03,354,224,65.6,340,327,270,350,0.25,0.68,-0.43,7,19,11,17
330,Cleveland State,-1.7,-13.3,-15.0,0.03,0.03,201,362,70.6,59,340,182,301,0.43,0.93,-0.50,13,28,8,22
331,Niagara,-7.8,-7.4,-15.2,-0.05,-0.05,322,326,64.0,365,328,80,348,0.48,0.76,-0.28,14,22,7,22
332,Army,-7.0,-8.3,-15.3,-0.05,0.03,306,336,68.1,208,329,352,323,0.17,0.70,-0.53,5,21,9,21
333,Jackson State,-6.9,-8.6,-15.4,-0.05,-0.05,304,339,70.4,72,330,7,319,0.24,1.18,-0.94,8,39,12,21
334,Fairleigh Dickinson,-8.2,-7.4,-15.7,0.03,-0.05,329,328,66.2,312,331,190,340,0.28,0.62,-0.34,8,18,8,21
335,The Citadel,-6.6,-9.2,-15.8,-0.05,0.03,301,347,65.7,332,332,169,336,0.33,0.90,-0.57,10,27,8,22
336,Northern Arizona,-5.6,-10.4,-15.9,0.03,0.03,286,353,65.6,341,334,146,318,0.21,0.62,-0.41,6,18,7,22
337,Southern Indiana,-11.6,-4.5,-16.2,0.03,0.03,352,277,69.2,146,336,315,331,0.36,0.50,-0.14,10,14,5,23
338,Cal State Bakersfield,-8.1,-8.3,-16.4,0.03,-0.05,328,335,71.1,39,337,91,304,0.20,0.67,-0.47,6,20,6,24
339,North Carolina Central,-6.4,-10.2,-16.6,-0.05,-0.05,299,352,67.0,280,338,279,344,0.43,0.86,-0.43,12,24,10,18
340,North Alabama,-7.9,-8.7,-16.6,0.03,-0.05,324,342,66.3,303,339,189,295,0.29,0.61,-0.32,8,17,7,21
341,Canisius,-11.6,-5.1,-16.7,-0.05,0.03,351,287,65.8,331,341,51,347,0.33,0.87,-0.53,10,26,9,21
342,North Florida,-2.4,-14.4,-16.8,0.03,0.03,222,364,71.3,33,342,253,334,0.23,0.87,-0.63,7,26,5,25
343,IU Indy,-5.6,-11.7,-17.2,0.03,0.03,287,359,73.8,4,343,272,345,0.27,0.73,-0.47,8,22,5,25
344,UTSA,-8.1,-9.3,-17.4,0.03,-0.05,327,348,69.8,104,344,311,309,0.29,0.86,-0.57,8,24,3,25
345,Morgan State,-9.0,-8.7,-17.7,-0.05,0.03,337,341,71.6,26,345,66,358,0.15,0.48,-0.33,4,13,11,16
346,Maine,-15.7,-2.0,-17.7,0.03,-0.05,362,218,66.2,311,346,344,353,0.29,0.61,-0.32,9,19,7,24
347,South Carolina State,-11.2,-6.7,-17.9,-0.05,-0.05,349,314,70.3,83,347,60,360,0.23,0.90,-0.67,7,27,8,22
348,Chicago State,-9.1,-9.1,-18.3,0.03,-0.05,338,346,67.4,257,348,36,346,0.26,0.84,-0.58,8,26,6,25
349,Maryland-Eastern Shore,-13.4,-4.9,-18.3,0.03,0.03,359,281,65.0,353,349,44,351,0.30,0.63,-0.33,9,19,7,23
350,New Hampshire,-12.0,-6.3,-18.3,0.03,0.03,353,307,68.9,164,350,168,349,0.43,1.04,-0.61,12,29,7,21
351,Alcorn State,-11.0,-7.6,-18.6,-0.05,-0.05,348,329,68.7,172,351,209,355,0.28,0.94,-0.66,9,30,9,23
352,Bryant,-11.0,-8.1,-19.1,0.03,0.03,347,332,66.2,310,352,4,343,0.34,0.59,-0.24,10,17,7,22
353,Northern Illinois,-13.7,-5.6,-19.3,0.03,-0.05,360,294,69.4,133,353,340,341,0.32,0.75,-0.43,9,21,7,21
354,Saint Francis (PA),-8.5,-11.5,-20.0,-0.05,0.03,331,358,70.9,50,354,213,356,0.31,0.66,-0.34,9,19,5,24
355,Binghamton,-9.5,-10.5,-20.0,0.03,-0.05,342,354,66.8,285,355,211,357,0.29,0.68,-0.39,8,19,5,23
356,Air Force,-13.0,-7.3,-20.3,-0.05,-0.05,357,323,67.4,253,356,307,359,0.16,0.94,-0.78,5,30,3,29
357,Rider,-10.5,-9.8,-20.3,0.03,-0.05,345,350,66.8,289,357,271,342,0.25,0.75,-0.50,7,21,3,25
358,VMI,-8.5,-12.3,-20.8,0.03,0.03,332,361,68.3,199,359,165,335,0.21,1.00,-0.79,6,29,3,26
359,Coppin State,-13.1,-7.7,-20.8,-0.05,-0.05,358,330,69.6,117,358,174,363,0.27,1.03,-0.77,8,31,6,24
360,Delaware State,-17.2,-4.4,-21.7,0.03,-0.05,365,275,67.1,277,361,136,361,0.15,0.93,-0.78,4,25,5,22
361,Louisiana-Monroe,-8.9,-13.7,-22.6,0.03,0.03,336,363,70.8,52,360,67,352,0.27,0.83,-0.57,8,25,2,28
362,Gardner-Webb,-12.9,-12.1,-24.9,0.03,-0.05,355,360,70.5,65,362,233,362,0.13,1.03,-0.90,4,31,2,28
363,Missouri-Kansas City,-16.1,-8.8,-25.0,0.03,-0.05,363,345,70.4,71,363,330,354,0.21,0.96,-0.75,6,27,1,27
364,Western Illinois,-13.9,-11.2,-25.1,0.03,0.03,361,356,67.5,242,364,305,364,0.11,0.50,-0.39,3,14,2,26
365,Mississippi Valley State,-16.4,-11.2,-27.6,-0.05,-0.05,364,355,68.4,193,365,222,365,0.19,0.88,-0.69,6,28,2,30